,rep_no,cnf_prd,aff_dt,gwrk_typs,claim_val,title,rep_yr,wrk_yr,conf_ldate,conf_adate,aff_ndate,aff_adate,page_ct,prpty_nm,nts_maps,bcgs_maps,lat83_deg,lat83_min,lat83_sec,lon83_deg,lon83_min,lon83_sec,zone83,north83,east83,lat83,long83,com_cds,camp_cd,geo_sum,reg_geo,info_cls,mdiv_cds,mdiv_nmx,mdiv_nms,claim_nmx,minf_nox,camp_nm,claim_nms,gwrk_nmx,gwrk_nms,rel_ars,oper_nms,own_nms,auth_nms,com_nms,kwl_nms,MERG_SPENT,DOLL_INX,doll_86,CPIdex1992,doll_92,CPIdex2002,doll_02,URL
1057,36136,1.0,2016/6/6,GEOC:,5830,The Tagish Lake Gold Project Geochemical Report,2016,2016.0,,2017-06-06,,2016/6/6,103,Tagish Lake Gold,104M09W:,104M059:,59,30,7,134,17,35,8,6596159,540022,59.501943999999995,-134.293056,AU:CU:,,,SMI,3.0,ATLN:,Atlin,Atlin,"BUCHAN CR,<br>HALE MT",104M  088,,"BUCHAN CR, HALE MT",Geochemical,Geochemical,"23960, 29757",Hard Rock Gold Ltd.,"Lodmell, Richard D.","Lodmell, Richard D.","Gold, Copper","Devonian-Triassic, Boundary Ranges Metamorphic Suite, Greenschists, Greenstones, Jurassic, Aishihik Plutonic Suite, Granodiorites, Nisling Assemblage, Quartz mica schists",4212.0,1.837,2292.8688079999997,1.443,2918.918919,1.224,3441.176471,http://aris.empr.gov.bc.ca/search.asp?mode=repsum&rep_no=36136
2118,37108,1.0,2017/6/19,GEOC:,358317,2016 Gopher/Tuck Mine Technical Report,2018,2016.0,,2018-06-19,,2017/6/19,77,Gopher/Tuck Mine,104N11E:,104N054:,59,30,45,133,12,50,8,6598479,601079,59.5125,-133.213889,AU:,53.0,,SMI,3.0,ATLN:,Atlin,Atlin,"BEAR #3,<br>MARY-4,<br>MARY-5,<br>MARY-6,<br>MARY 1,<br>MARY 2,<br>MARY 3,<br>CAMP 1,<br>Y-KNOT,<br>MAX 2,<br>MAX 3,<br>MAX 6,<br>MEKH 1,<br>MEKH 2,<br>MEKH 3,<br>MEKH 4,<br>GOFUR 1,<br>GOFUR 2,<br>BUC1,<br>BUC2,<br>BUC 3,<br>BUC 4,<br>DALE 1,<br>DALE 2,<br>DALE 3",,Atlin Camp,"BEAR #3, MARY-4, MARY-5, MARY-6, MARY 1, MARY 2, MARY 3, CAMP 1, Y-KNOT, MAX 2, MAX 3, MAX 6, MEKH 1, MEKH 2, MEKH 3, MEKH 4, GOFUR 1, GOFUR 2, BUC1, BUC2, BUC 3, BUC 4, DALE 1, DALE 2, DALE 3",Geochemical,Geochemical,"32258, 34385, 34386",Buckeye Land and Minerals Inc.,"Halstead, Dale","Bush, James G.",Gold,"Mississippian-Jurassic, Cache Creek Complex, Kedahada Formation, Cherts, Argillites, Siliclastic rocks, Placer gold, Placers, Platinum",361613.99,1.926,187753.8889,1.514,238846.7569,1.284,281630.8333,http://aris.empr.gov.bc.ca/search.asp?mode=repsum&rep_no=37108
2378,36319,1.0,2016/7/20,GEOP:,2832,Interpretive Report on BC Government Airborne Geophysics and Regional Stream Sediment Sampling within and around the Marg Property,2016,2016.0,,2017-07-20,,2016/7/20,38,Marg,093B08W:,093B049:,52,28,40,122,20,11,10,5814380,545072,52.477778,-122.33638899999998,CU:MO:,,,PRG,3.0,CBOO:,Cariboo,Cariboo,"1045229, 1045230",,,"1045229, 1045230",Geophysical,Geophysical,"34258, 02225, 02253, 30589",Delore Management,Charles Boitard,David G. Mark,"Copper, Molybdenum/Molybdenite","Miocene, Chilcotin Group, Basalts",2425.0,1.837,1320.087099,1.443,1680.5266809999998,1.224,1981.20915,http://aris.empr.gov.bc.ca/search.asp?mode=repsum&rep_no=36319
2583,36326,1.0,2016/9/30,PROS:GEOC:,6079,Geochemical Sampling & Prospecting Report on the Grizzly Lake Zinc Property,2016,2016.0,,2017-09-30,,2016/9/30,31,Grizzly Lake Zinc,093A14E:093A15W:,093A076:,52,48,0,120,58,5,10,5851958,636986,52.8,-120.968056,ZN:AG:PB:,38.0,,PRG,3.0,CBOO:,Cariboo,Cariboo,"ZINC-OX,<br>ZN-OX MAIN,<br>1035134",093A  065,Cariboo - Barkerville Camp,"ZINC-OX, ZN-OX MAIN, 1035134","Prospecting,<br>Geochemical","Prospecting, Geochemical","02366, 25824, 26176, 30420",Rich River Exploration Ltd.,Craig A. Lynes,Craig A. Lynes,"Zinc, Silver, Lead","Proterozoic, Cariboo Group, Isaac Formation, Cunningham Formation, Yankee Belle Formation, Mudstones, Siltstones, Shales, Galena, Galena, Sphalerite, Sphalerite, Cerrusite, Cerrusite, Smithsonite, Smithsonite, Limestones, Limestones, Dolostones, Dolostones, Pyrite",4280.56,1.837,2330.190528,1.443,2966.431046,1.224,3497.189542,http://aris.empr.gov.bc.ca/search.asp?mode=repsum&rep_no=36326
2768,36868,1.0,2017/6/7,PHYS:GEOC:,4145,Rock and Silt Geochemistry,2017,2016.0,,2018-06-07,,2017/6/7,32,DHC,083D15W:,083D076:,52,47,43,118,59,44,11,5851364,365452,52.795278,-118.99555600000001,06:RS:,,,PRG,3.0,CBOO:,Cariboo,Cariboo,1044902,,,1044902,"Physical,<br>Geochemical","Physical, Geochemical","33926, 34532","VanderWart, Ted (Theodore William); RM Temple Holdings Inc.","VanderWart, Ted (Theodore William)","VanderWart, Ted (Theodore William)","Rare Earth, Rare Earths","Proterozoic, Windermere Supergroup, Miette Group, Coarse Clastic Sedimentary Rocks, Metasandstones, Phyllites, Schists",6086.63,1.875,3246.202667,1.474,4129.328358,1.25,4869.304,http://aris.empr.gov.bc.ca/search.asp?mode=repsum&rep_no=36868
2889,36446,1.0,2017/1/24,GEOL:GEOC:,10986,Geological & Geochemical Report on the Longworth Mineral Property,2017,2016.0,,2018-01-24,,2017/1/24,47,Longworth,093H05E:,093H093:,53,58,59,121,30,5,10,5982676,598270,53.983056000000005,-121.50138899999999,SI:,,,PRG,3.0,CBOO:,Cariboo,Cariboo,"SNOW,<br>SNOWJOB",093H  038,,"SNOW, SNOWJOB","Geological,<br>Geochemical","Geological, Geochemical","14815, 35136, 35953",MGX Minerals Inc. (FMC# 283853),"LAZERSON, JARED (FMC# 249963)","Kikauka, Andris (FMC # 114051)",Silica,"Silurian, Nonda Formation, Greenschists, Greenstones, Limestones, Marbles, Calcareous sedimentary rocks, Quartzites, Quartz arenites",7808.08,1.875,4164.309333,1.474,5297.204885,1.25,6246.464,http://aris.empr.gov.bc.ca/search.asp?mode=repsum&rep_no=36446
3435,36573,1.0,2016/11/30,DRIL:GEOP:GEOC:,15184,2016 Soil and Geochemistry program and Review of the 2011 Diamond Drilling Program,2017,2016.0,,2017-11-30,,2016/11/30,1100,Spanish Mountain,093A11W:,093A054:,52,33,0,121,21,50,10,5823471,610934,52.55,-121.36388899999999,AU:AG:,36.0,,KAM,3.0,CBOO:,Cariboo,Cariboo,WHY WE?,"093A  276, 093A  306",Cariboo - Quesnel Belt,WHY WE?,"Drilling,<br>Geophysical,<br>Geochemical","Drilling, Geophysical, Geochemical","11555, 13869, 28867, 29424, 31186, 31803, 32576",EverGold Corp,"Greig, Charles J. (FMC #143767)","Rowe, Jeffrey D.","Gold, Silver","Triassic, Nicola Group, Volcanic rocks, Sedimentary rocks, Mudstones, Phyllites, Carbonaceous mudstones, Pyrite, Gold, Quartz veins",15190.0,1.875,8101.333333,1.474,10305.291720000001,1.25,12152.0,http://aris.empr.gov.bc.ca/search.asp?mode=repsum&rep_no=36573
4132,36228,1.0,2016/9/27,GEOL:GEOC:,43631,Geological and Geochemical Assessment Report,2016,2016.0,,2017-09-27,,2016/9/27,142,Star Property,093B12E:,093B063:,52,39,0,123,30,35,10,5833459,465516,52.65,-123.509722,AU:AG:CU:PB:ZN:,,,PRG,3.0,CBOO:,Cariboo,Cariboo,"STAR 2,<br>854088,<br>STAR 5",,,"STAR 2, 854088, STAR 5","Geological,<br>Geochemical","Geological, Geochemical","32752, 34430, 35081, 35773",Squire Mining Ltd.,"Dunn, David St. Clair","Wilkins, Andrew L.","Gold, Silver, Copper, Lead, Zinc","Eocene, Ootsa Lake Group, Rhyolites, Eocene-Oligocene, Endako Group, Volcanic rocks",35457.68,1.837,19301.94883,1.443,24572.196809999998,1.224,28968.692810000004,http://aris.empr.gov.bc.ca/search.asp?mode=repsum&rep_no=36228
5404,36391,1.0,2016/8/30,GEOP:PROS:GEOC:,4253,"Assessment Work Report on 2016 Geological , Geochemical & Geophysical Technical Work",2016,2016.0,,2017-08-30,,2016/8/30,59,Clinton Manganese (MN2),092P04E:,092P003:,51,4,4,121,35,55,10,5658296,598190,51.067778000000004,-121.598611,MN:,,,KAM,3.0,CLIN:,Clinton,Clinton,CLINTON MN2,092P  138,,CLINTON MN2,"Geophysical,<br>Prospecting,<br>Geochemical","Geophysical, Prospecting, Geochemical",,Vendome Resources Corp.,"Pirzada, Afzaal","Pirzada, Afzaal",Manganese,"Permian-Triassic, Cache Creek Complex, Marble Canyon Formation, Limestones, Marbles, Calcareous sedimentary rocks, Manganese",4009.87,1.837,2182.836146,1.443,2778.842689,1.224,3276.037582,http://aris.empr.gov.bc.ca/search.asp?mode=repsum&rep_no=36391
5416,36392,1.0,2016/8/30,GEOP:PROS:GEOC:,4184,"Assessment Work Report on 2016 Geological, Geochemical & Geophysical Technical Work",2016,2016.0,,2017-08-30,,2016/8/30,53,Clinton Manganese 3 (MN3),092P04E:,092P003:,51,3,51,121,31,12,10,5658002,603705,51.064167,-121.52,MN:,,,KAM,3.0,CLIN:,Clinton,Clinton,CLINTON MN3,"092P  104, 092P  139",,CLINTON MN3,"Geophysical,<br>Prospecting,<br>Geochemical","Geophysical, Prospecting, Geochemical",,Vendome Resources Corp.,"Pirzada, Afzaal","Pirzada, Afzaal",Manganese,"Permian-Triassic, Cache Creek Complex, Marine sedimentary and volcanic rocks, Manganese, Cretaceous, Coarse Clastic Sedimentary Rocks, Cherts, Tuffs",4422.31,1.837,2407.354382,1.443,3064.663895,1.224,3612.998366,http://aris.empr.gov.bc.ca/search.asp?mode=repsum&rep_no=36392
5487,36393,1.0,2016/8/30,GEOP:PROS:GEOC:,6022,"Assessment Work Report on 2016 Geological, Geochemcial & Geophysical Technical Work",2016,2016.0,,2017-08-30,,2016/8/30,66,Clinton Manganese 4 (MN4),092P04E:,092P002:,51,4,18,121,39,29,10,5658651,594017,51.071667,-121.658056,MN:,,,KAM,3.0,CLIN:,Clinton,Clinton,CLINTON MN4,092P  151,,CLINTON MN4,"Geophysical,<br>Prospecting,<br>Geochemical","Geophysical, Prospecting, Geochemical",8051,Vendome Resources Corp.,"Pirzada, Afzaal","Pirzada, Afzaal",Manganese,"Permian-Triassic, Cache Creek Complex, Marble Canyon Formation, Limestones, Marbles, Calcareous sedimentary rocks, Manganese",6218.12,1.837,3384.931954,1.443,4309.161469,1.224,5080.163399,http://aris.empr.gov.bc.ca/search.asp?mode=repsum&rep_no=36393
6776,36105,1.0,2016/4/9,GEOC:,6058,Report on Sampling of Drill Hole P-99-1 From the Pakk Property,2016,2016.0,,2017-04-09,,2016/4/9,27,Pakk,082F09W:,082F059:,49,33,21,116,17,6,11,5489494,551712,49.555833,-116.285,PB:ZN:AG:,1.0,,CRA,3.0,FORT:,Fort Steele,Fort Steele,"514716,<br>515124,<br>515125,<br>515141,<br>515473","082FNE115, 082FNE117",Purcell Belt (Sullivan),"514716, 515124, 515125, 515141, 515473",Geochemical,Geochemical,"26191, 27916, 28424, 34880, 35575, 23622",Kootenay Silver Inc.,"Klewchuk, Peter","Anderson, Doug","Lead, Zinc, Silver","Proterozoic, Purcell Supergroup, Aldridge Formation, Argillites, Greywackes, Wackes, Conglomerate turbidites, Sphalerite, Galena, Pyrrhotite, Arsenopyrite, Chalcopyrite, Tourmaline, Scheelite, Gabbros",6304.91,1.837,3432.1774630000004,1.443,4369.306999,1.224,5151.070261,http://aris.empr.gov.bc.ca/search.asp?mode=repsum&rep_no=36105
6800,36943,1.0,2017/4/20,PROS:GEOC:,6107,Rock Geochem & Prospecting Spike's STA Property,2017,2016.0,,2018-04-20,,2017/4/20,26,Spikes STA 01-16,082G13W:,082G071:,49,46,55,115,51,49,11,5515000,581800,49.781944,-115.863611,CU:AG:,1.0,,CRA,4.0,FORT:,Fort Steele,Fort Steele,1044387,,Purcell Belt (Sullivan),1044387,"Prospecting,<br>Geochemical","Prospecting, Geochemical",,Kootenay Silver Inc.,"Lavoie, Darlene (132094)","Kennedy, Craig","Copper, Silver","Mesoproterozoic, Purcell Supergroup, Kitchener Formation, Dolomites, Carbonates, Creston Formation, Sedimentary rocks, Quartzites, Limonite, Sericite, Pyrite, Chalcopyrite, Carbonate alteration, Quartz veins",6821.69,1.875,3638.234667,1.474,4628.012212,1.25,5457.352,http://aris.empr.gov.bc.ca/search.asp?mode=repsum&rep_no=36943
6811,36942,1.0,2017/4/20,PROS:GEOC:,6869,Rock Geochem & Prospecting MDB Property,2017,2016.0,,2018-04-20,,2017/4/20,25,MDB 01-16,082G13W:,082G071:,49,48,50,115,55,22,11,5518500,577500,49.813889,-115.92277800000001,CU:AG:,1.0,,CRA,4.0,FORT:,Fort Steele,Fort Steele,1047282,,Purcell Belt (Sullivan),1047282,"Prospecting,<br>Geochemical","Prospecting, Geochemical",26634,Kootenay Silver Inc.,"Lavoie, Darlene (132094)","Kennedy, Craig","Copper, Silver","Mesoproterozoic, Purcell Supergroup, Creston Formation, Sedimentary rocks, Dolomites, Carbonates, Quartzite, Limonite, Sericite, Chlorite, Carbonate alteration, Chalcopyrite, Malachite, Bornite",7111.12,1.875,3792.5973329999997,1.474,4824.369064,1.25,5688.896,http://aris.empr.gov.bc.ca/search.asp?mode=repsum&rep_no=36942
7136,36655,1.0,2016/12/20,GEOP:,19280,Integration of Geophysical and Geological Data,2017,2016.0,,2017-12-20,,2016/12/20,121,Spike's Big Adventure,082G04W:,082G021:,49,12,54,115,50,2,11,5452011,584924,49.215,-115.83388899999999,PB:ZN:,,,CRA,3.0,FORT:,Fort Steele,Fort Steele,"984342,<br>985683",082GSW092,,"984342, 985683",Geophysical,Geophysical,"24772, 25378, 25822, 25823, 25858, 26502, 34178, 34914",Kootenay Silver Inc.,"Lavoie, Darlene (132094)","Belton, Brian A.; Cook, Frederick A.","Lead, Zinc","Proterozoic, Purcell Supergroup, Aldridge Formation, Argillites, Greywackes, Wackes, Conglomerate turbidites, Tourmaline, Tourmalinite, Gabbros sills, Moyie sills, Moyie Intrusions, Galena, Sphalerite",19317.21,1.875,10302.511999999999,1.474,13105.298509999999,1.25,15453.768,http://aris.empr.gov.bc.ca/search.asp?mode=repsum&rep_no=36655
7815,36545,1.0,2016/10/21,GEOP:GEOL:GEOC:,207730,"Geological Mapping, Rock Geochemistry and Ground Geophysics",2017,2016.0,,2017-10-21,,2016/10/21,171,Silverfox,082G04E:,082G012:,49,10,38,115,40,58,11,5448000,596000,49.177222,-115.682778,CU:PB:ZN:AG:,,,CRA,3.0,FORT:,Fort Steele,Fort Steele,"KRL,<br>KRL 08-10-14,<br>KRL 09-10,<br>KRL 12-10,<br>KRL 15-10-14,<br>KRL 22-10-14,<br>KRL 116-12,<br>KRL 117-13,<br>KRL 118-13,<br>KRL 121-13,<br>KRL 122-13,<br>515408,<br>KRL 03-05-14,<br>KRL 04-10-14,<br>KRL 07-10-14,<br>KRL 12-10,<br>KRL 16-10,<br>KRL 18-10,<br>KRL 22-10-14,<br>KRL 28-10,<br>KRL 113-11-14,<br>KRL 118-13,<br>KRL 120-13-14,<br>KRL 31-15,<br>KRL 33-15,<br>KRL 40-16,<br>KRL 40-16","082GSW025, 082GSW030, 082GSW058, 082GSW070, 082GSW072, 082GSW073, 082GSW085, 082GSW086, 082GSW087, 082GSW088, 082GSW089",,"KRL, KRL 08-10-14, KRL 09-10, KRL 12-10, KRL 15-10-14, KRL 22-10-14, KRL 116-12, KRL 117-13, KRL 118-13, KRL 121-13, KRL 122-13, 515408, KRL 03-05-14, KRL 04-10-14, KRL 07-10-14, KRL 12-10, KRL 16-10, KRL 18-10, KRL 22-10-14, KRL 28-10, KRL 113-11-14, KRL 118-13, KRL 120-13-14, KRL 31-15, KRL 33-15, KRL 40-16, KRL 40-16","Geophysical,<br>Geological,<br>Geochemical","Geophysical, Geological, Geochemical","00001, 00041, 00056, 10907, 19932, 20483, 20705, 20753, 21182, 22503, 24401, 25559, 25647, 25671, 25799, 26018, 27805, 28450, 28623, 29290, 29609, 29810, 30660, 31658, 32181, 32629, 32638, 32645, 32807, 33261, 33379, 34086, 34440, 34631, 34695, 34965, 35034, 35377, 35769, 36022, 36064",Kootenay Silver Inc.,"Kennedy, R.D.C.","Kennedy, Sean J. (FMC # 142365); Cook, Frederick A.; Anderson, Douglas","Copper, Lead, Zinc, Silver","Proterozoic, Purcell Supergroup, Creston Formation, Kitchener Formation, Sedimentary rocks, Metasediments, Quartzites, Galena, Chalcopyrite, Magnetite, Arsenopyrite, Bornite, Moyie sills, Gabbroic dykes, Dolomitic carbonate rocks",207757.93,1.875,110804.2293,1.474,140948.3921,1.25,166206.344,http://aris.empr.gov.bc.ca/search.asp?mode=repsum&rep_no=36545
8756,36424,1.0,2016/10/30,PROS:GEOC:,5001,Geochemical Sampling Report on the Copper Kettle Project,2017,2016.0,,2017-10-30,,2016/10/30,23,Copper Kettle,082E10W:,082E066:,49,38,9,118,48,48,11,5499721,369068,49.635833,-118.81333300000001,CU:AU:AG:ZN:,,,KAM,3.0,GRWD:,Greenwood,Greenwood,"Copper Kettle,<br>Copper Kettle 2","082ENE011, 082ENE040",,"Copper Kettle, Copper Kettle 2","Prospecting,<br>Geochemical","Prospecting, Geochemical","13795, 17675, 21534, 27257",Rich River Exploration Ltd.,"Lynes, Craig A. (FMC 116233)","Lynes, Craig A. (FMC 116233)","Copper, Gold, Silver, Zinc","Cretaceous, Okanagan Batholith, Valhalla Intrusions, Eocene, Penticton Group, Chalcopyrite, Bornite, Azurite, Malachite, Skarns",3531.6,1.875,1883.52,1.474,2395.9294440000003,1.25,2825.28,http://aris.empr.gov.bc.ca/search.asp?mode=repsum&rep_no=36424
8891,36574,1.0,2016/12/21,GEOC:,5586,Exploration and Metallugical Testing,2017,2016.0,,2017-12-21,,2016/12/21,45,Union and Ida,082E09W:,082E059:,49,33,25,118,20,59,11,5490247,402385,49.556944,-118.349722,AU:AG:CU:,,,CRA,3.0,GRWD:,Greenwood,Greenwood,"DANISH,<br>UNION TAILS","082ENE003, 082ENE004, 082ENE009, 082ENE080",,"DANISH, UNION TAILS",Geochemical,Geochemical,"00637, 17273, 21768, 26306, 26440, 27328, 27604, 27929, 28790, 29306, 33945, 34310, 34714, 34846, 35780, 36027, 36292",Crucible Resources Ltd.,"Warkentin, Doug (FMC 145582)","Warkentin, Doug (FMC 145582)","Gold, Silver, Copper","Carboniferous-Permian, Harper Ranch Group, Volcaniclastic rocks, Jurassic, Granites, Alkali-feldspar granites, Intrusive rocks, Eocene, Penticton Group, Volcanic rocks, Coryell Plutonic Suite, Syenites, Monzonites, Kettle River Formation, Marron Formation, Franklin Group, Limestones, Skarn, Averill Alkalic Complex",5614.63,1.875,2994.469333,1.474,3809.111262,1.25,4491.704000000001,http://aris.empr.gov.bc.ca/search.asp?mode=repsum&rep_no=36574
8902,36918,1.0,2017/4/1,PROS:GEOC:PHYS:,8264,Prospecting & Geochemical Sampling Report on the Golden Hornet Property,2017,2016.0,,2018-04-01,,2017/4/1,36,Golden Hornet,082E07W:,082E046:,49,26,34,118,55,11,11,5478451,360844,49.442778000000004,-118.919722,AU:AG:CU:ZN:,,,CRA,3.0,GRWD:,Greenwood,Greenwood,"GOLDEN HORNET,<br>GOLDEN JEWEL,<br>FOURTH OF JULY GROUP,<br>GOLDEN LILLY,<br>GOLDEN CANYON,<br>KINGSTONE","082ESE104, 082ESE111, 082ESE168, 082ESE244",,"GOLDEN HORNET, GOLDEN JEWEL, FOURTH OF JULY GROUP, GOLDEN LILLY, GOLDEN CANYON, KINGSTONE","Prospecting,<br>Geochemical,<br>Physical","Prospecting, Geochemical, Physical","02951, 09528, 11375, 14313, 15173, 17421, 18178, 18899, 19157, 19525, 20112, 24644, 26804, 32449, 23969, 22929",Rich River Exploration Ltd.,"Lynes, Craig A. (FMC 116233)","Lynes, Craig A. (FMC 116233)","Gold, Silver, Copper, Zinc","Carboniferous-Permian, Anarchist Schist, Greenschists, Greenstones, Metamorphic rocks, Chalcopyrite, Pyrrhotite, Pyrite, Arsenopyrite",5817.8,1.875,3102.8266670000003,1.474,3946.947083,1.25,4654.24,http://aris.empr.gov.bc.ca/search.asp?mode=repsum&rep_no=36918
8920,36292,1.0,2016/5/31,GEOC:,5820,Franklin Project,2016,2016.0,,2017-05-31,,2016/5/31,45,Franklin,082E09W:,082E059:,49,34,50,118,23,34,11,5492928,399320,49.580556,-118.392778,AU:AG:CU:PT:PD:,,,CRA,3.0,GRWD:,Greenwood,Greenwood,"UNION TAILS,<br>BULLION,<br>ALPHA TWIN,<br>DANISH,<br>UV","082ENE003, 082ENE004, 082ENE008, 082ENE013, 082ENE033, 082ENE054, 082ENE059, 082ENE061",,"UNION TAILS, BULLION, ALPHA TWIN, DANISH, UV",Geochemical,Geochemical,"00637, 17273, 21768, 26306, 26440, 27328, 27604, 27929, 28790, 29306, 33945, 34310, 34714, 34846",Crucible Resources Ltd.,"Warkentin, Doug (FMC 145582)","Warkentin, Doug (FMC 145582)","Gold, Silver, Copper, Platinum, Palladium","Carboniferous-Permian, Harper Ranch Group, Volcaniclastic rocks, Jurassic, Granites, Alkali-feldspar granites, Intrusive rocks, Eocene, Coryell Plutonic Suite, Syenites, Monzonites, Penticton Group, Volcanic rocks, Kettle River Formation, Marron Formation, Franklin Group, Averill Alkalic Complex, Skarns, Limestones",5909.21,1.837,3216.771911,1.443,4095.086625,1.224,4827.785948,http://aris.empr.gov.bc.ca/search.asp?mode=repsum&rep_no=36292
9084,36653,1.0,2016/12/17,PROS:GEOC:PHYS:,13289,Prospecting and Sampling Report,2017,2016.0,,2017-12-17,,2016/12/17,51,Molly Gibson,082E01E:,082E020:,49,10,0,118,7,34,11,5446594,417909,49.166667,-118.12611100000001,ZN:PB:AU:AG:CU:,,,CRA,3.0,GRWD:,Greenwood,Greenwood,"1040809,<br>1040819,<br>1040912","082ESE082, 082ESE081",,"1040809, 1040819, 1040912","Prospecting,<br>Geochemical,<br>Physical","Prospecting, Geochemical, Physical","11989, 16978, 17046, 21778, 22266, 23753, 24243, 27467, 27874, 28523, 29724",Rich River Exploration Ltd.,"Lynes, Craig A. (FMC 116233)","Lynes, Craig A. (FMC 116233)","Zinc, Lead, Gold, Silver, Copper","Jurassic, Granites, Alkali-feldspar granites, Carboniferous-Permian, Mount Roberts Formation, Mudstones, Siltstones, Shales, Pyrrhotite, Pyrite, Massive sulphides",9617.75,1.875,5129.466667000001,1.474,6524.932157,1.25,7694.2,http://aris.empr.gov.bc.ca/search.asp?mode=repsum&rep_no=36653
9608,36741,1.0,2017/2/13,GEOL:PROS:GEOC:PHYS:,63075,Geology and Geochemistry,2017,2016.0,,2018-02-13,,2017/2/13,80,Boomerang,082E06E:,082E025:,49,15,5,119,0,56,11,5457357,353325,49.251389,-119.015556,AU:AG:CU:ZN:,,,CRA,3.0,GRWD:,Greenwood,Greenwood,"1032689,<br>1032690,<br>1042017,<br>1042144,<br>1044421","082ESE082, 082ESE081",,"1032689, 1032690, 1042017, 1042144, 1044421","Geological,<br>Prospecting,<br>Geochemical,<br>Physical","Geological, Prospecting, Geochemical, Physical","05621, 06286, 15191, 16671, 21658, 08417, 09504, 21092, 22282",Carrara Exploration Ltd.,"Lynes, Craig A. (FMC 116233)","MacIntyre, Donald George; Lynes, Craig A. (FMC 116233)","Gold, Silver, Copper, Zinc","Jurassic, Eocene, Granites, Alkali-feldspar granites, Penticton Group, Volcanic rocks, Quartz diorites, Nelson Intrusions, Pyrite, Chalcopyrite, Galena, Sphalerite, Tetrahedrite",47671.61,1.875,25424.858669999998,1.474,32341.662139999997,1.25,38137.288,http://aris.empr.gov.bc.ca/search.asp?mode=repsum&rep_no=36741
10412,36398,1.0,2016/10/23,PROS:GEOC:,5672,Geochemical and Prospecting Report on the Silver Side Ag-Zn-Pb Property,2016,2016.0,,2017-10-23,,2016/10/23,28,Silver Side - Argentum,082M13E:,082M072:,51,47,9,119,42,45,11,5740707,312920,51.785833000000004,-119.7125,AG:AU:ZN:PB:,39.0,,KAM,3.0,KAML:,Kamloops,Kamloops,SILVER SLOPE,082M  230,Adams Plateau - Clearwater Area,SILVER SLOPE,"Prospecting,<br>Geochemical","Prospecting, Geochemical","29271, 32013, 09543, 07422",American Creek Resources Ltd.,"Lynes, Craig A. (FMC 116233)","Lynes, Craig A. (FMC 116233)","Silver, Gold, Zinc, Lead","Jurassic-Cretaceous, Granodiorites, Raft batholith, Metasediments, Sphalerite, Galena, Pelites, Calc-silicates, Marbles, Proterozoic-Paleozoic, Shuswap Assemblage",4067.4,1.837,2214.153511,1.443,2818.7110190000003,1.224,3323.039216,http://aris.empr.gov.bc.ca/search.asp?mode=repsum&rep_no=36398
16405,36370,1.0,2016/9/30,DRIL:GEOL:PROS:GEOC:,351913,"Report on Diamond Drilling, Outcrop Sampling and Geology on the Coral Claims",2016,2016.0,,2017-09-30,,2016/9/30,91,Coral Project,094B03W:,094B014:,56,9,0,123,23,6,10,6222841,476082,56.15,-123.385,ZN:PB:AG:CD:,,,PRG,3.0,LIAR:,Liard,Liard,"Coral,<br>1040071","094B  007, 094B  008, 094B  021",,"Coral, 1040071","Drilling,<br>Geological,<br>Prospecting,<br>Geochemical","Drilling, Geological, Prospecting, Geochemical","04400, 05490, 05745, 06552, 13724, 15040, 16254, 23032, 25845, 35708, 35730",Minfocus Exploration Corp.,"deGraaf, Kenneth; Gerald Harper","deGraaf, Kenneth; Gerald Harper","Zinc, Lead, Silver, Cadmium","Silurian-Devonian, Stone Formation, Dolomitic carbonate rocks, Silurian, Nonda Formation, Ordovician, Skoki Formation, Devonian-Mississippian, Besa River Formation, Mudstones, Siltstones, Shales, Mississippian, Prophet Formation, Limestones, Marbles, Sphalerite, Galena, Breccias, Smithsonite",353945.17,1.837,192675.6505,1.443,245284.2481,1.224,289170.8905,http://aris.empr.gov.bc.ca/search.asp?mode=repsum&rep_no=36370
17060,36394,1.0,2016/9/4,PROS:GEOC:,9438,Geochemical Sampling & Prospecting Report,2016,2016.0,,2017-09-04,,2016/9/4,32,Bonanza Goldmax,092J09E:,092J070:,50,38,45,122,2,55,10,5610873,567265,50.645833,-122.04861100000001,AU:AG:CU:ZN:,,,KAM,3.0,LILL:,Lillooet,Lillooet,"JUMBO,<br>BONANZA,<br>GOLDMAX,<br>AMPLE - GOLDMAX","092JNE069, 092JNE094",,"JUMBO, BONANZA, GOLDMAX, AMPLE - GOLDMAX","Prospecting,<br>Geochemical","Prospecting, Geochemical","11871, 12571, 14146, 14878, 15860, 21469, 23274, 26013, 26192, 30805",American Creek Resources Ltd.,"Lynes, Craig A. (FMC 116233)","Lynes, Craig A. (FMC 116233)","Gold, Silver, Copper, Zinc","Jurassic-Cretaceous, Cayoosh Assemblage, Sedimentary rocks, Mississippian-Jurassic, Bridge River Complex, Marine sedimentary and volcanic rocks, Native gold, Quartz-gold veins, Argillites, Phyllites, Schists, Arsenopyrite, Diorites",6631.6,1.837,3610.0163310000003,1.443,4595.703396,1.224,5417.9738560000005,http://aris.empr.gov.bc.ca/search.asp?mode=repsum&rep_no=36394
17483,36837,1.0,2017/3/2,GEOP:PROS:GEOC:,23873,2016 Geochemical and Geophysical Assessment Report,2017,2016.0,,2018-03-02,,2017/3/2,924,Shotgun,092J11W:,092J054:,50,33,37,123,16,19,10,5600973,480741,50.560278000000004,-123.27194399999999,CU:AU:AG:MO:,,,NAN,3.0,LILL:,Lillooet,Lillooet,"1042883,<br>1045114",,,"1042883, 1045114","Geophysical,<br>Prospecting,<br>Geochemical","Geophysical, Prospecting, Geochemical",,Supreme Metals Corp.,"Paul, Christopher Ryan (FMC 269478); Blady, Michael A. (FMC 278776)","Rishy-Maharaj, Dev (FMC 281925)","Copper, Gold, Silver, Molybdenum/Molybdenite","Jurassic-Cretaceous, Quartz diorites, Coast Plutonic Complex, Roof pendants, Cretaceous, Gambier Group, Digital data ground geophysics",37312.18,1.875,19899.82933,1.474,25313.55495,1.25,29849.744,http://aris.empr.gov.bc.ca/search.asp?mode=repsum&rep_no=36837
18866,36784,1.0,2017/3/28,GEOL:PHYS:PROS:GEOC:,73264,Assessment Report,2017,2016.0,,2018-03-28,,2017/3/28,186,Harmony,092F14W:,092F093:,49,59,31,125,28,47,10,5540682,322265,49.991944000000004,-125.479722,CU:AU:,27.0,,NAN,3.0,NIMO:,Nanaimo,Nanaimo,"916729,<br>920794,<br>920795,<br>920796,<br>920797,<br>953288","092F  515, 092F  514",Mt. Washington Area,"916729, 920794, 920795, 920796, 920797, 953288","Geological,<br>Physical,<br>Prospecting,<br>Geochemical","Geological, Physical, Prospecting, Geochemical","16406, 16412, 17500, 19081, 20869, 22807, 22975, 33131",Whitewater Resources Ltd.,"Molnar, Andrew W.","Macdonald, Glen","Copper, Gold","Triassic, Karmutsen Formation, Basaltic volcanic rocks, Pyrite, Sphalerite, Arsenopyrite, Vancouver Group",77888.05,1.875,41540.29333,1.474,52841.282230000004,1.25,62310.44,http://aris.empr.gov.bc.ca/search.asp?mode=repsum&rep_no=36784
19191,36456,1.0,2016/7/1,GEOC:,1495,Hearn Creek Project - Geochemical Sampling Report,2016,2016.0,,2017-07-01,,2016/7/1,29,Hearn Creek,082F03W:,082F024:,49,12,45,117,16,29,11,5451100,480000,49.2125,-117.274722,AU:AG:CU:PB:ZN:,4.0,,CRA,3.0,NELS:,Nelson,Nelson,Hearn,,Ymir - Nelson Area,Hearn,Geochemical,Geochemical,22965,Crucible Resources Ltd.,"Warkentin, Doug (FMC 145582)","Warkentin, Doug (FMC 145582)","Gold, Silver, Copper, Lead, Zinc","Jurassic, Rossland Group, Hall Formation, Elise Formation, Mudstones, Siltstones, Shales, Basaltic volcanic rocks, Granites, Alkali-feldspar granites, Anstey Pluton, Cretaceous, Polymetallic Veins",1510.98,1.837,822.5258574,1.443,1047.110187,1.224,1234.4607839999999,http://aris.empr.gov.bc.ca/search.asp?mode=repsum&rep_no=36456
19239,36637,1.0,2016/11/30,GEOC:,2101,Iowna Area Prospecting and Sampling Report,2017,2016.0,,2017-11-30,,2016/11/30,24,Iowna-Nevada,082F06E:,082F025:,49,15,45,117,10,49,11,5456653,486883,49.2625,-117.180278,AU:AG:PB:ZN:,4.0,,CRA,3.0,NELS:,Nelson,Nelson,"1045143,<br>1050424","082FSW063, 082FSW064, 082FSW065, 082FSW198, 082FSW329",Ymir - Nelson Area,"1045143, 1050424",Geochemical,Geochemical,"06140, 06993, 09125, 09531, 09785, 09945, 10884, 11450, 17510, 34147, 34476, 34775, 35337, 35622, 35923, 36195",Crucible Resources Ltd.,"Warkentin, Doug (FMC 145582)","Warkentin, Doug (FMC 145582)","Gold, Silver, Lead, Zinc","Cretaceous, Jurassic, Triassic-Jurassic, Cambrian-Devonian, Anstey Pluton, Granodiorites, Granites, Rossland Group, Lardeau Group, Index Formation, Ymir Group, Mudstones, Siltstones, Limestones, Slates, Phyllites, Polymetallic Veins, Pyrite, Galena, Sphalerite",2181.08,1.875,1163.242667,1.474,1479.701493,1.25,1744.864,http://aris.empr.gov.bc.ca/search.asp?mode=repsum&rep_no=36637
19241,36195,1.0,2016/4/20,GEOC:,2109,Iowna-Nevada Project,2016,2016.0,,2017-04-20,,2016/4/20,33,Iowna-Nevada,082F06E:,082F025:,49,15,22,117,11,19,11,5455944,486275,49.256111,-117.18861100000001,AU:AG:PB:ZN:,4.0,,CRA,3.0,NELS:,Nelson,Nelson,"1030086,<br>IOWNA,<br>1045143","082FSW063, 082FSW064, 082FSW065, 082FSW329",Ymir - Nelson Area,"1030086, IOWNA, 1045143",Geochemical,Geochemical,"06140, 06993, 09125, 09531, 09785, 09945, 11450, 17510, 34147, 34476, 34775, 35337, 35622, 35923",Crucible Resources Ltd.,"Warkentin, Doug (FMC 145582)","Warkentin, Doug (FMC 145582)","Gold, Silver, Lead, Zinc","Cretaceous, Jurassic, Triassic-Jurassic, Cambrian-Devonian, Anstey Pluton, Granodiorites, Granites, Rossland Group, Lardeau Group, Index Formation, Ymir Group, Mudstones, Siltstones, Limestones, Slates, Phyllites, Galena, Sphalerite, Pyrite, Polymetallic Veins, Nelson Batholith",2142.33,1.837,1166.2112140000002,1.443,1484.636175,1.224,1750.2696079999998,http://aris.empr.gov.bc.ca/search.asp?mode=repsum&rep_no=36195
19522,36131,1.0,2016/6/23,GEOC:,6701,Dandy Dump Sampling,2016,2016.0,,2017-06-23,,2016/6/23,27,Silver King Mine,082F06W:,082F044:,49,25,18,117,18,8,11,5474376,478082,49.421667,-117.302222,AG:CU:PB:ZN:,4.0,,CRA,3.0,NELS:,Nelson,Nelson,"Charter,<br>1037774","082FSW173, 082FSW176",Ymir - Nelson Area,"Charter, 1037774",Geochemical,Geochemical,"04701, 22276, 22662, 26356, 32818, 35220, 35608, 35660, 21277, 22394",Billiken Gold Ltd.,"Graham, John Donald","Graham, John Donald","Silver, Copper, Lead, Zinc","Jurassic, Rossland Group, Elise Formation, Basaltic volcanic rocks, Polymetallic Veins, Pyrite, Chalcopyrite, Galena, Sphalerite, Bornite, Tetrahedrite, Malachite, Azurite, Hematite",6806.47,1.837,3705.209581,1.443,4716.888427000001,1.224,5560.841503000001,http://aris.empr.gov.bc.ca/search.asp?mode=repsum&rep_no=36131
20330,36336,1.0,2016/8/30,GEOL:GEOC:,10680,2016 Geology Report on the Alpine Property,2016,2016.0,,2017-08-30,,2016/8/30,31,Alpine,082F11E:,082F064:,49,41,0,117,15,4,11,5503453,481886,49.683333000000005,-117.25111100000001,AU:AG:,,,CRA,3.0,NELS:SLOC:,"Nelson,<br>Slocan","Nelson, Slocan","Alp 2 - 3,<br>1045982","082FNW127, 082FNW257, 082FNW290, 082FNW291, 082FNW266",,"Alp 2 - 3, 1045982","Geological,<br>Geochemical","Geological, Geochemical","19483, 26482, 33876",Matovich Mining Industries Ltd.,"Matovich, Allan","Augsten, Bernhardt","Gold, Silver","Jurassic, Nelson Batholith, Granodiorites, Quartz monzonites, Quartz veins, Electrum, Pyrite, Sphalerite, Galena, Tetrahedrite, Scheelite",8054.23,1.837,4384.447469,1.443,5581.586972,1.224,6580.253268,http://aris.empr.gov.bc.ca/search.asp?mode=repsum&rep_no=36336
20434,36454,1.0,2016/8/15,PROS:GEOC:,970,Zacta Project - West Zacta Area - Geochemical Sampling Report,2017,2016.0,,2017-08-15,,2016/8/15,27,Zacta,092H12W:,092H052:,49,32,46,121,46,11,10,5488900,589000,49.546110999999996,-121.769722,AU:CU:NI:,20.0,,NAN,3.0,NWES:,New Westminster,New Westminster,Zacta,092HNW997,Lillooet River - Harrison Lake Belt,Zacta,"Prospecting,<br>Geochemical","Prospecting, Geochemical","03635, 27414",Crucible Resources Ltd.,"Warkentin, Doug (FMC 145582)","Warkentin, Doug (FMC 145582)","Gold, Copper, Nickel","Cretaceous-Tertiary, Slollicum schist, Greenstones, Greenschists, Paleozoic-Mesozoic, Ultramafic rocks, Cretaceous, Granodiorites, Cogburn schist",1103.86,1.875,588.7253333,1.474,748.8873812999999,1.25,883.0880000000001,http://aris.empr.gov.bc.ca/search.asp?mode=repsum&rep_no=36454
20624,36990,1.0,2017/7/2,PROS:,5784,Geological & Geochemical Assessment Report,2018,2016.0,,2018-07-02,,2017/7/2,37,Doctors Point,092H12W:,092H061:,49,38,59,121,59,26,10,5500176,572868,49.649722,-121.99055600000001,AU:AG:CU:,20.0,,NAN,3.0,NWES:,New Westminster,New Westminster,DOCTORS POINT,"092HNW071, 092HNW086",Lillooet River - Harrison Lake Belt,DOCTORS POINT,Prospecting,Prospecting,"12709, 13029, 14625, 18248, 18365, 18412, 23907, 24488",Turnagain Resources Inc.,"BAKUS, JOHN NICK","Sookochoff, Laurence","Gold, Silver, Copper","Oligocene-Miocene, Granodiorites, Cretaceous, Gambier Group, Sedimentary rocks, Volcanic rocks",4072.0,1.926,2114.226376,1.514,2689.564069,1.284,3171.339564,http://aris.empr.gov.bc.ca/search.asp?mode=repsum&rep_no=36990
21082,36839,1.0,2017/3/2,PROS:GEOC:,24874,2016 Geochemical and Prospecting,2017,2016.0,,2018-03-02,,2017/3/2,45,Lekcin,092H05E:,092H043:,49,26,16,121,34,0,10,5477111,603914,49.437778,-121.566667,NI:CU:CO:PT:PD:,20.0,,NAN,3.0,NWES:,New Westminster,New Westminster,"851106,<br>851110,<br>851135","092HSW082, 092HSW143, 092HSW168",Lillooet River - Harrison Lake Belt,"851106, 851110, 851135","Prospecting,<br>Geochemical","Prospecting, Geochemical","01801, 02099, 02660, 02744, 02745, 05385, 14563, 26171, 26835, 26987, 28019, 28411, 28501, 29020, 29583, 32874, 33687, 34943, 35794",Tiller Resources Inc,"Chapman, John Arthur (FMC 104633); Carlson, Gerald G.; Paul, Christopher Ryan (FMC 269478); Blady, Michael A. (FMC 278776)",,"Nickel, Copper, Cobalt, Platinum, Palladium","Cretaceous, Cretaceous-Tertiary, Quartz diorites, Slollicum schist, Spuzzum Pluton, Greenschists, Greenstones, Ultramafic rocks, Coast Plutonic Complex, Pyroxenites, Peridotites, Dunites, Chalcopyrite, Pyrrhotite",17426.13,1.875,9293.936,1.474,11822.34057,1.25,13940.903999999999,http://aris.empr.gov.bc.ca/search.asp?mode=repsum&rep_no=36839
22495,36549,1.0,2016/10/25,GEOC:,51698,Geochemical Soil Surveys,2017,2016.0,,2017-10-25,,2016/10/25,226,Jesse Creek,092I02W:,092I017:,50,10,0,120,46,5,10,5559546,659396,50.166667,-120.768056,CU:MO:,14.0,,KAM,3.0,NICO:,Nicola,Nicola,"851822,<br>851802,<br>851823,<br>851824,<br>851825,<br>851826,<br>851827,<br>851828,<br>851829,<br>851830","092ISE043, 092ISE044, 092ISE045, 092ISE064, 092ISE087, 092ISE151, 092ISE168",Swakum Mountain Area,"851822, 851802, 851823, 851824, 851825, 851826, 851827, 851828, 851829, 851830",Geochemical,Geochemical,"00229, 00398, 00414, 00461, 01598, 01799, 02101, 02375, 02466, 02704, 03896, 04640, 06132, 07218, 08728, 10186, 10210, 20964, 23024, 23025, 23258, 23646, 24021, 24255, 24832, 25143, 25592, 26671, 33004, 33430, 33910",Wealth Minerals Ltd.,"Belik, Gary David; Dawson, James Martin","Gilmour, William R.","Copper, Molybdenum/Molybdenite","Triassic, Nicola Group, Jurassic, Jesse Creek Stock, Skarns, Western Volcanic Facies, Volcanic rocks, Ashcroft Formation, Mudstones, Siltstones, Shales, Triassic-Jurassic, Granodiorites, Diorites, Hornfels, Potassic alteration, Phyllic alteration, Chalcopyrite, Magnetite, Pyrite, Sphalerite, Limestones, Malachite, Specular hematite",57473.0,1.875,30652.266669999997,1.474,38991.18046,1.25,45978.4,http://aris.empr.gov.bc.ca/search.asp?mode=repsum&rep_no=36549
23047,36238,1.0,2016/4/9,GEOL:,3272,Assessment Report Geochemistry Correlations Program,2016,2016.0,,2017-04-09,,2016/4/9,34,Copley,092K10W:,092K076:,50,43,52,124,48,55,10,5621495,371892,50.731111,-124.815278,AU:AG:CU:MO:,,,PRG,3.0,OMIN:,Omineca,Omineca,"COPLEY SOUTH,<br>COPLEY SOUTH 2,<br>COPLEY SOUTH 6,<br>COPO CABANA,<br>COPLEY 101,<br>COPLEY 102,<br>COPLEY 103,<br>COPLEY 104,<br>COPLEY 105","093F  070, 093F  071, 093F  084",,"COPLEY SOUTH, COPLEY SOUTH 2, COPLEY SOUTH 6, COPO CABANA, COPLEY 101, COPLEY 102, COPLEY 103, COPLEY 104, COPLEY 105",Geological,Geological,"11850, 13944, 17807, 19005, 19278, 19627, 24228, 24732, 25313, 26441, 26896, 26946, 27265, 29392, 30128, 30368, 30618, 31203, 31430, 32084, 32588, 32691, 33289, 33670, 34238, 34931, 35504, 35547, 35896",Kootenay Silver Inc.,"Kennedy, Craig","Kennedy, Craig","Gold, Silver, Copper, Molybdenum/Molybdenite","Eocene-Oligocene, Nechacko Plateau Group, Ootsa Lake Formation, Rhyolites, Jurassic, Hazelton Group, Naglico Formation, Endako Batholith, Francois Lake Suite, Quartz monzonites, Cretaceous, Holy Cross Pluton, Feldspar porphyries, Volcanic rocks, Clay alteration, Hematite, Specular hematite",3000.0,1.837,1633.0974410000001,1.443,2079.002079,1.224,2450.9803920000004,http://aris.empr.gov.bc.ca/search.asp?mode=repsum&rep_no=36238
23106,36611,1.0,2017/3/23,GEOC:,5027,Report on the Rock Geochemistry,2017,2016.0,,2018-03-23,,2017/3/23,20,Walter the Water Buffalo,093K03W:,093K004:,54,2,18,125,23,38,10,5990438,343240,54.038332999999994,-125.39388899999999,AU:,,,PRG,3.0,OMIN:,Omineca,Omineca,"1014196,<br>1043091",,,"1014196, 1043091",Geochemical,Geochemical,"34514, 35458, 36168",Kootenay Silver Inc.,"Kennedy, Jonathan Sean","Kennedy, Thomas Peter James (FMC134308)",Gold,"Eocene-Oligocene, Nechacko Plateau Group, Ootsa Lake Formation, Rhyolites, Felsic volcanics, Cretaceous, Kasalka Group, Andesitic volcanics, Epithermal, Silica alteration",3520.33,1.875,1877.5093329999997,1.474,2388.283582,1.25,2816.264,http://aris.empr.gov.bc.ca/search.asp?mode=repsum&rep_no=36611
23241,36216,1.0,2016/5/6,GEOC:,5900,Metallurgical Testing Assessment Report,2016,2016.0,,2017-05-06,,2016/5/6,54,Porphyry Creek Property,093M04E:,093M012:,55,7,40,127,36,9,9,6109902,589109,55.127778,-127.6025,AU:AG:CU:MO:WO:,45.0,,SMI,3.0,OMIN:,Omineca,Omineca,"532096,<br>532103,<br>SLATER,<br>BRUNSWICK,<br>ARMAGOSA","093M  066, 093M  067, 093M  068, 093M  061, 093M  059, 093M  062, 093M  064, 093M  065",Silver Standard - Rocher Deboule Area,"532096, 532103, SLATER, BRUNSWICK, ARMAGOSA",Geochemical,Geochemical,"00092, 01134, 02855, 04839, 06849, 08332, 09587, 12712, 13340, 14632, 16012, 16455, 29082, 29502, 30096, 30431, 31728, 32516, 32636, 35790",Crucible Resources Ltd.,"Warkentin, Doug (FMC 145582); Johnson, Tim; Hardy, Kyler","Warkentin, Doug (FMC 145582)","Gold, Silver, Copper, Molybdenum/Molybdenite, Tungsten","Cretaceous, Bulkley Plutonic Suite, Porphyritic intrusions, Skeena Group, Red Rose Formation, Coarse Clastic Sedimentary Rocks, Kasalka Group, Andesitic volcanics, Hornfels, Polymetallic Veins, Sphalerite, Galena, Tetrahedrite, Chalcopyrite, Pyrite, Arsenopyrite",4131.95,1.837,2249.292324,1.443,2863.4442129999998,1.224,3375.776144,http://aris.empr.gov.bc.ca/search.asp?mode=repsum&rep_no=36216
23646,36742,1.0,2017/2/15,GEOL:GEOP:GEOC:,6492,"2016 Geological, Geochemical and Geohysical Report",2017,2016.0,,2018-02-15,,2017/2/15,44,Jacobite,093M07W:,093M046:,55,26,0,126,52,6,9,6145081,634875,55.433333,-126.868333,CU:AU:MO:,45.0,,SMI,3.0,OMIN:,Omineca,Omineca,"1042565,<br>1045742,<br>1045743,<br>1045744,<br>1045745",093M  012,Silver Standard - Rocher Deboule Area,"1042565, 1045742, 1045743, 1045744, 1045745","Geological,<br>Geophysical,<br>Geochemical","Geological, Geophysical, Geochemical","03871, 22640, 24261",Attunga Holdings Inc.; Running Dog Resources Ltd.,"Awmack, Henry James","Awmack, Henry James","Copper, Gold, Molybdenum/Molybdenite","Cretaceous, Skeena Group, Kitsuns Creek Formation, Coarse Clastic Sedimentary Rocks, Kasalka Group, Andesitic volcanics, Bulkley Plutonic Suite, Intrusive rocks, Pyrite, Chalcopyrite, Malachite, Hornfels, Pyrrhotite, Sericite alteration",6655.0,1.875,3549.333333,1.474,4514.925373,1.25,5324.0,http://aris.empr.gov.bc.ca/search.asp?mode=repsum&rep_no=36742
23713,36285,1.0,2016/8/15,GEOC:,9934,Progress Report on the Bol Project,2016,2016.0,,2017-08-15,,2016/8/15,66,Bol,093N05W:,093N041:,55,24,41,125,56,6,10,6144491,314207,55.411389,-125.935,CU:AU:MO:AG:,,,SMI,3.0,OMIN:,Omineca,Omineca,BOL,093N  108,,BOL,Geochemical,Geochemical,"31808, 33438, 35539",Altius Resources Inc.,"Galambos, Kenneth D.","Galambos, Kenneth D.","Copper, Gold, Molybdenum/Molybdenite, Silver","Jurassic, Hazelton Group, Andesitic volcanics, Triassic, Takla Group, Volcanic rocks, Spike Peak Intrusive Suite, Syenites, Monzonites, Chalcopyrite, Pyrite",6967.04,1.837,3792.6184,1.443,4828.1635479999995,1.224,5692.0261439999995,http://aris.empr.gov.bc.ca/search.asp?mode=repsum&rep_no=36285
24169,36862,1.0,2017/5/16,GEOC:,9757,Biogeochemical Orientation Survey,2017,2016.0,,2018-05-16,,2017/5/16,42,Lucky Ship Molybdenum,093L03W:,093L003:,54,1,28,127,28,47,9,5987311,599592,54.024443999999995,-127.479722,MO:,,,SMI,3.0,OMIN:,Omineca,Omineca,510116,093L  053,,510116,Geochemical,Geochemical,"16308, 21645, 23577, 28451, 29303, 29916",BM Moly Resources Ltd.,"MacIntyre, Donald George; Parsons, Victor Harold","MacIntyre, Donald George",Molybdenum/Molybdenite,"Jurassic, Hazelton Group, Telkwa Formation, Calc-alkaline volcanics, Cretaceous, Skeena Group, Sedimentary rocks, Eocene, Nanika Plutonic Suite, Granites, Porphyries, Quartz Feldspar Porphyries, Breccias, Molybdenite, Stockworks",9795.54,1.875,5224.288,1.474,6645.549525,1.25,7836.432,http://aris.empr.gov.bc.ca/search.asp?mode=repsum&rep_no=36862
24428,36588,1.0,2017/3/23,GEOC:,16103,Report on Rock Geochemistry,2017,2016.0,,2018-03-23,,2017/3/23,33,2XFred,093F15E:,093F097:,53,59,12,124,44,5,10,5983431,386259,53.986667000000004,-124.73472199999999,AU:AG:,,,PRG,3.0,OMIN:,Omineca,Omineca,"896593,<br>1011231,<br>1038480",,,"896593, 1011231, 1038480",Geochemical,Geochemical,"07145, 07147, 07198, 07199, 33436, 34465, 34967, 35291, 36234",Kootenay Silver Inc.,"Lavoie, Darlene (132094); Kennedy, Jonathan Sean","Kennedy, Thomas Peter James (FMC134308)","Gold, Silver","Triassic-Jurassic, Brooks Diorite Complex, Diorites, Eocene, Nechako Plateau Group, Endako Formation, Andesitic volcanics, Miocene, Chilcotin Group, Basaltic volcanics, Ootsa Lake Formation, Rhyolites, Felsic volcanics",11334.19,1.875,6044.901333,1.474,7689.409769,1.25,9067.351999999999,http://aris.empr.gov.bc.ca/search.asp?mode=repsum&rep_no=36588
25993,36444,1.0,2017/3/5,GEOP:GEOC:,40670,Geochemical & Geophysical Report on Fran Claims Bullion Alley & A Grid Mineral Zones,2017,2016.0,,2018-03-05,,2017/3/5,139,Fran,093K16W:,093K098:,54,59,0,124,26,1,10,6093877,408259,54.983332999999995,-124.43361100000001,AU:AG:CU:,,,PRG,3.0,OMIN:,Omineca,Omineca,"505313,<br>505330,<br>510913","093K  108, 093K  207",,"505313, 505330, 510913","Geophysical,<br>Geochemical","Geophysical, Geochemical","17005, 19400, 19992, 21744, 25870, 26282, 26869, 27822, 28135, 28459, 29389, 29849, 32257",MGX Minerals Inc. (FMC# 283853),"Haslinger, Richard J.; LAZERSON, JARED (FMC# 249963)",Andris Kikauka,"Gold, Silver, Copper","Triassic, Inzana Lake Formation, Siltstones, Monzonites, Breccias, Pyrite, Chalcopyrite, Pyrrhotite, Sphalerite, Hornfels",29449.4,1.875,15706.346669999999,1.474,19979.24016,1.25,23559.52,http://aris.empr.gov.bc.ca/search.asp?mode=repsum&rep_no=36444
26653,36201,1.0,2016/5/27,GEOL:GEOP:GEOC:,50496,2016 Geophysical and Geochemical Assessment Report,2016,2016.0,,2017-05-27,,2016/5/27,42,Burbridge Property,093L10W:,093L077:,54,43,45,126,46,45,9,6066917,643007,54.729167000000004,-126.77916699999999,CU:MO:AU:AG:,43.0,,SMI,3.0,OMIN:,Omineca,Omineca,"BURBRIDGE,<br>BURBRIDGE 1",093L  223,Babine Range,"BURBRIDGE, BURBRIDGE 1","Geological,<br>Geophysical,<br>Geochemical","Geological, Geophysical, Geochemical","21446, 24826, 31742, 35491, 35819",Blue Capital Corp.,"James, Rogers; Paul, Christopher Ryan (FMC 269478); Blady, Michael A. (FMC 278776)","Paul, Christopher Ryan (FMC 269478)","Copper, Molybdenum/Molybdenite, Gold, Silver","Jurassic, Hazelton Group, Telkwa Formation, Calc-alkaline volcanics, Nilkitkwa Formation, Sedimentary rocks, Cretaceous, Bulkley Plutonic Suite, Diorites, Pyrite, Magnetite, Sphalerite, Chalcopyrite, Diorite sills, Molybdenite, Argillic alteration, Propylitic alteration, Rhyolitic tuffs, Quartz monzonites",46872.88,1.837,25515.993469999998,1.443,32482.938319999997,1.224,38294.8366,http://aris.empr.gov.bc.ca/search.asp?mode=repsum&rep_no=36201
29243,36307,1.0,2016/12/9,PHYS:,14870,Archaeological and Environmental Assessment Report on the Gillanders Quarry Mines Permit,2016,2016.0,,2017-12-09,,2016/12/9,63,Gillanders Quarry,082E04W:,082E011:082E021:,49,11,42,119,52,7,11,5453095,291016,49.195,-119.86861100000002,AT:,,,KAM,3.0,OSOY:,Osoyoos,Osoyoos,GILANDERS,,,GILANDERS,Physical,Physical,,Harris & Son Transport Ltd,Ronald Frederick Harris,Grant F. Crooker,Aggregate,"Permian-Triassic, Shoemaker Formation, Cherts, Siliceous argillites, Siliciclastics, Triassic, Apex Mountain Complex, Greenstones, Greenschists, Metamorphic rocks, Siltstones, Limestones, Gabbros, Quartzites, Quarry, Aggregates, Archaeological Impact Assessment, Environmental studies",14893.66,1.837,8107.599347,1.443,10321.3167,1.224,12168.02288,http://aris.empr.gov.bc.ca/search.asp?mode=repsum&rep_no=36307
29709,36884,1.0,2017/7/1,GEOC:,3374,Sampling Report on the Pilot Heavy Metal Concentrating Program,2017,2016.0,,2018-07-01,,2017/7/1,39,King - 2,082K13E:,082K082:,50,51,49,117,40,7,11,5634879,452955,50.863611,-117.66861100000001,AU:AG:CU:PB:ZN:,,,KAM,4.0,REVL:,Revelstoke,Revelstoke,KING-2,,,KING-2,Geochemical,Geochemical,,Billiken Gold Ltd.,"Dodd, A.E.; Goossen, Darcy; Mainprize, Brad Ed (FMC116647)","Dodd, Eugene A; Czepil, Jeffrey","Gold, Silver, Copper, Lead, Zinc","Cambrian-Devonian, Lardeau Group, Jowett Formation, Basaltic volcanic rocks, Index Formation, Mudstones, Siltstones, Shales, Broadview Formation, Limestones, Slates, Argillites",3375.0,1.875,1800.0,1.474,2289.687924,1.25,2700.0,http://aris.empr.gov.bc.ca/search.asp?mode=repsum&rep_no=36884
29724,36659,1.0,2016/12/27,PROS:GEOC:,6008,Geochemical and Sampling Report,2017,2016.0,,2017-12-27,,2016/12/27,23,McCulloch's Gold Hill,082M09W:,082M068:,51,41,50,118,26,48,11,5728354,400019,51.697222,-118.44666699999999,AU:AG:WO:CU:ZN:,40.0,,KAM,3.0,REVL:,Revelstoke,Revelstoke,"1032616,<br>1032619,<br>1034515","082M  080, 082M  081, 082M  167",Goldstream Area,"1032616, 1032619, 1034515","Prospecting,<br>Geochemical","Prospecting, Geochemical","11101, 11860, 13235, 24410, 25053, 25291, 25309, 25893, 28282, 33975",Rich River Exploration Ltd.,"Lynes, Craig A. (FMC 116233)","Lynes, Craig A. (FMC 116233)","Gold, Silver, Tungsten, Copper, Zinc","Cambrian-Devonian, Lardeau Group, Index Formation, Mudstones, Siltstones, Shales, Gold placers, Quartz-gold veins, Pyrite, Pyrrhotite, Scheelite, Phyllites, Limestones, Native gold",4240.68,1.875,2261.696,1.474,2876.987788,1.25,3392.5440000000003,http://aris.empr.gov.bc.ca/search.asp?mode=repsum&rep_no=36659
29807,36419,1.0,2016/9/30,PROS:GEOC:,12718,Geochemical Sampling Report on the Allco Black-Jacket Project,2017,2016.0,,2017-09-30,,2016/9/30,39,Allco - Blackjacket,082M01E:,082M030:,51,13,51,118,2,30,11,5676018,427274,51.230833000000004,-118.04166699999999,AG:AU:ZN:PB:,,,KAM,3.0,REVL:,Revelstoke,Revelstoke,"Silver Slide,<br>King Zinc Allco,<br>Allco Silver,<br>Black Jacket","082M  006, 082M  196, 082N  016, 082M  295",,"Silver Slide, King Zinc Allco, Allco Silver, Black Jacket","Prospecting,<br>Geochemical","Prospecting, Geochemical","05724, 06522, 12041, 14403, 15559, 19577, 32051, 35778",Rich River Exploration Ltd.,"Lynes, Craig A. (FMC 116233)","Lynes, Craig A. (FMC 116233)","Silver, Gold, Zinc, Lead","Cambrian-Devonian, Lardeau Group, Index Formation, Mudstones, Siltstones, Shales, Cambrian, Badshot Formation, Limestones, Marbles, Calcareous sedimentary rocks, Devonian, Orthogneisses, Galena, Sphalerite, Chalcopyrite, Tetrahedrite, Pyrite, Quartz carbonate veins, Arsenopyrite, Pyrrhotite",9080.6,1.875,4842.986667,1.474,6160.515604,1.25,7264.48,http://aris.empr.gov.bc.ca/search.asp?mode=repsum&rep_no=36419
29826,37027,1.0,2017/7/2,GEOC:,10725,Sampling Report on the Pilot Heavy Metal Concentrating Program,2017,2016.0,,2018-07-02,,2017/7/2,41,King - 1,082K13E:,082K082:,50,50,30,117,40,26,11,5632434,452553,50.841667,-117.67388899999999,AU:AG:CU:PB:ZN:,,,KAM,3.0,REVL:,Revelstoke,Revelstoke,KING-1,,,KING-1,Geochemical,Geochemical,,Billiken Gold Ltd.,"Dodd, Eugene A; Goossen, Darcy; Czepil, Jeffrey","Dodd, Eugene A","Gold, Silver, Copper, Lead, Zinc","Cambrian-Devonian, Lardeau Group, Broadview Formation, Limestones, Slates, Siltstones, Argillites",10725.26,1.875,5720.138667,1.474,7276.295794,1.25,8580.208,http://aris.empr.gov.bc.ca/search.asp?mode=repsum&rep_no=37027
29827,36636,1.0,2016/11/29,GEOC:PHYS:,15291,2016 Sampling Report,2017,2016.0,,2017-11-29,,2016/11/29,55,Standfast-Wigwam,082K13W:,082K081:,50,52,48,117,58,8,11,5636928,431839,50.88,-117.96888899999999,ZN:PB:AG:AU:FS:MB:,,,CRA,3.0,REVL:,Revelstoke,Revelstoke,"505156,<br>543570,<br>543572,<br>543574",082KNW068,,"505156, 543570, 543572, 543574","Geochemical,<br>Physical","Geochemical, Physical","06240, 10354, 17099, 33973, 35159",Rich River Exploration Ltd.,"Lynes, Craig A. (FMC 116233)","Lynes, Craig A. (FMC 116233)","Zinc, Lead, Silver, Gold, Flagstone, Marble","Cambrian-Devonian, Lardeau Group, Index Formation, Mudstones, Siltstones, Shales, Cambrian, Mohican Formation, Broadview Formation, Limestones, Slates, Argillites, Marbles, Pyrrhotite, Sphalerite, Galena, Badshot Formation",10820.0,1.875,5770.666667,1.474,7340.569878,1.25,8656.0,http://aris.empr.gov.bc.ca/search.asp?mode=repsum&rep_no=36636
30660,36404,1.0,2016/10/7,GEOC:,13782,2016 Geochemical Report Otter Project,2016,2016.0,,2017-10-07,,2016/10/7,43,Otter,092H10E:,092H067:,49,37,42,120,41,11,10,5499879,667077,49.628333000000005,-120.68638899999999,AU:AG:,12.0,,KAM,3.0,SIMK:,Similkameen,Similkameen,OTTER 2,,Nicola Belt,OTTER 2,Geochemical,Geochemical,"28829, 30736, 33982, 35874",Eastland Management Ltd.,"Henneberry, R. Tim","Henneberry, R. Tim","Gold, Silver","Cretaceous, Spences Bridge Group, Volcanic rocks, Volcaniclastic rocks, Andesites",10964.14,1.837,5968.5029939999995,1.443,7598.156618000001,1.224,8957.630718999999,http://aris.empr.gov.bc.ca/search.asp?mode=repsum&rep_no=36404
31184,37094,1.0,2017/9/1,PROS:GEOC:PHYS:,69533,Prospecting and Rock Geochemical Survey Northern Champion Mineral Property South-Central British Columbia,2017,2016.0,,2018-09-01,,2017/9/1,105,Northern Champion,092H10W:,092H056:,49,31,6,120,54,26,10,5487184,651471,49.518333,-120.90722199999999,AU:AG:CU:NI:PT:PD:,12.0,,KAM,3.0,SIMK:,Similkameen,Similkameen,"OLIVINE,<br>THE CHAMP,<br>NORTHERN CHAMPION","092HNE008, 092HNE010, 092HNE038, 092HNE097, 092HNE202, 092HNE208",Nicola Belt,"OLIVINE, THE CHAMP, NORTHERN CHAMPION","Prospecting,<br>Geochemical,<br>Physical","Prospecting, Geochemical, Physical","01945, 02274, 11666, 12121, 12481, 17324, 36753, 35306",Rain City Resources Inc.,"Lynes, Craig A. (FMC 116233)","MacIntyre, Donald George","Gold, Silver, Copper, Nickel, Platinum, Palladium","Triassic, Nicola Group, Amphibolite grade, Kyanite grade, Metamorphic rocks, Triassic-Jurassic, Ultramafic rocks, Tulameen Ultramafic Complex, Olivine clinopyroxenites, Chalcopyrite, Chromite, Peridotites, Tremolite",70104.56,1.875,37389.09867,1.474,47560.75984,1.25,56083.648,http://aris.empr.gov.bc.ca/search.asp?mode=repsum&rep_no=37094
31446,36203,1.0,2016/8/4,GEOL:PROS:GEOC:,1129,Historical Data Map Compilation and Property Report,2016,2016.0,,2017-08-04,,2016/8/4,20,Mayner's Fortune,103I07E:,103I047:,54,24,49,128,38,51,9,6029599,522877,54.413610999999996,-128.6475,LS:,,,SMI,3.0,SKEE:,Skeena,Skeena,"1037762,<br>1037752",103I  124,,"1037762, 1037752","Geological,<br>Prospecting,<br>Geochemical","Geological, Prospecting, Geochemical",,Durango Resources Inc.,Marcy Marie Kiesman,Case Lewis,Limestone,"Jurassic, Hazelton Group, Telkwa Formation, Calc-alkaline volcanics, Jurassic-Cretaceous, Poison Pluton, Quartz diorites, Limestones, Granodiorites, Diorites, Hornfels, Argillites",1200.0,1.837,653.2389766,1.443,831.6008316000001,1.224,980.3921569,http://aris.empr.gov.bc.ca/search.asp?mode=repsum&rep_no=36203
32221,36663,1.0,2016/12/30,PROS:GEOC:,18932,Geochemical Sampling Report,2017,2016.0,,2017-12-30,,2016/12/30,25,Maple Bay Copper,103P05W:,103P041:,55,25,44,129,59,32,9,6142967,437209,55.428889,-129.992222,CU:AG:ZN:AU:,49.0,,SMI,3.0,SKEE:,Skeena,Skeena,"1022629,<br>1022632,<br>1023502","103O  009, 103O  018, 103O  019, 103P  040, 103P  043, 103P  048, 103P  242",Alice Arm - Anyox Area,"1022629, 1022632, 1023502","Prospecting,<br>Geochemical","Prospecting, Geochemical",,Rich River Exploration Ltd.,"Lynes, Craig A. (FMC 116233)","Lynes, Craig A. (FMC 116233)","Copper, Silver, Zinc, Gold","Jurassic, Orthogneisses, Metamorphic rocks, Paleogene, Granodiorites, Roof pendants, Coast Plutonic Complex, Hazelton Group, Chalcopyrite, Pyrrhotite, Pyrite, Silicified zones, Argillites, Polymetallic Veins",13479.14,1.875,7188.874667,1.474,9144.599729000001,1.25,10783.312,http://aris.empr.gov.bc.ca/search.asp?mode=repsum&rep_no=36663
32501,36450,1.0,2016/7/26,GEOC:,30452,Report of 2016 Program of Work Red Spring Property Skeena Mining Division,2017,2016.0,,2017-07-26,,2016/7/26,98,Red Spring,094D03E:,094D025:,56,14,0,127,10,37,9,6233544,613007,56.233332999999995,-127.17694399999999,CU:AG:ZN:AU:,,,SMI,3.0,SKEE:,Skeena,Skeena,"Sping,<br>F2",094D  104,,"Sping, F2",Geochemical,Geochemical,"04562, 05552, 05946, 15861, 20364, 23227, 29622, 34010, 34643",DOUBLEVIEW CAPITAL CORP,"Shirvani, Farshad","Ostensoe, Erik A.","Copper, Silver, Zinc, Gold","Jurassic, Hazelton Group, Andesites, Basalts, Pyroclastic rocks, Limestones, Telkwa Formation, Calc-alkaline volcanics, Bowser Lake Group, Sedimentary rocks, Dolomitic limestones",21320.53,1.875,11370.94933,1.474,14464.40299,1.25,17056.424,http://aris.empr.gov.bc.ca/search.asp?mode=repsum&rep_no=36450
35330,36670,1.0,2017/1/9,PROS:GEOC:,9953,Geochemical Sampling and Prospecting Report,2017,2016.0,,2018-01-09,,2017/1/9,28,Red Tusk,092G14W:,092G074:,49,46,19,123,19,18,10,5513325,476838,49.771944,-123.32166699999999,AG:AU:CU:ZN:,21.0,,NAN,3.0,VANC:,Vancouver,Vancouver,"1041153,<br>1041190,<br>1041203","092GNW051, 092GNW109, 092GNW110, 092GNW111, 092GNW112, 092GNW113, 092GNW115",Britannia Area,"1041153, 1041190, 1041203","Prospecting,<br>Geochemical","Prospecting, Geochemical","12660, 14478, 18615, 24421, 26304, 30775, 28096",American Creek Resources Ltd.,"Lynes, Craig A. (FMC 116233)","Lynes, Craig A. (FMC 116233)","Silver, Gold, Copper, Zinc","Cretaceous, Gambier Group, Marine sedimentary and volcanic rocks, Pendant, Coast Plutonic Complex, Jurassic-Cretaceous, Diorites, Quartz diorites, Rhyolites, Tuffs, Breccias, Cherts, Argillites",7035.69,1.875,3752.368,1.474,4773.195387,1.25,5628.552,http://aris.empr.gov.bc.ca/search.asp?mode=repsum&rep_no=36670
36054,36584,1.0,2017/1/3,PROS:GEOC:PHYS:,10240,Geochemical Sampling Report,2017,2016.0,,2018-01-03,,2017/1/3,30,Stockwork Property,082E15E:,082E097:,49,56,18,118,41,43,11,5533152,378352,49.938333,-118.695278,AU:AG:CU:ZN:,,,KAM,3.0,VERN:,Vernon,Vernon,"1023939,<br>1044861",082ENE044,,"1023939, 1044861","Prospecting,<br>Geochemical,<br>Physical","Prospecting, Geochemical, Physical","04979, 07259, 18533, 26382, 27432",Rich River Exploration Ltd.,"Lynes, Craig A. (FMC 116233)","Lynes, Craig A. (FMC 116233)","Gold, Silver, Copper, Zinc","Jurassic-Cretaceous, Nelson Plutonic Complex, Granodiorites, Roof pendants, Jurassic, Granites, Alkali-feldspar granites, Pyrite, Galena, Sphalerite, Scheelite",7539.7,1.875,4021.1733329999997,1.474,5115.128901,1.25,6031.76,http://aris.empr.gov.bc.ca/search.asp?mode=repsum&rep_no=36584
36384,36786,1.0,2017/3/30,GEOL:GEOC:,90686,2016 Geological and Geochemical Assessment Report,2017,2016.0,,2018-03-30,,2017/3/30,83,Lode Star,082L01W:,082L019:,50,7,48,118,19,7,11,5553917,405756,50.13,-118.318611,AU:AG:,,,KAM,3.0,VERN:,Vernon,Vernon,"1044860,<br>1039166,<br>1039081,<br>1036571","082LSE021, 082LSE040",,"1044860, 1039166, 1039081, 1036571","Geological,<br>Geochemical","Geological, Geochemical","05279, 11645, 13545, 27421, 28197, 36024",Cayenne Gold Mines Ltd.,"Lynes, Craig A. (FMC 116233)","Lynes, Craig A. (FMC 116233)","Gold, Silver","Triassic, Nicola Group, Devonian-Triassic, Harper Ranch Group, Mudstones, Siltstones, Shales, Argillites, Hornfels",63512.7,1.875,33873.44,1.474,43088.67028,1.25,50810.16,http://aris.empr.gov.bc.ca/search.asp?mode=repsum&rep_no=36786
